{
  "seed": 1515166135210,
  "action": [
    [
      0.731,
      1.29,
      false
    ],
    [
      0.815,
      1.12,
      false
    ],
    [
      0.642,
      1.46,
      false
    ],
    [
      0.69,
      1.43,
      false
    ],
    [
      0.459,
      1.87,
      false
    ]
  ],
  "musicList": [
    false,
    false,
    false,
    false,
    false
  ],
  "touchList": [
    [
      18.375,
      554
    ],
    [
      355,
      599.75
    ],
    [
      339.25,
      92
    ],
    [
      14.5,
      28.75
    ],
    [
      182.5,
      379.5
    ]
  ],
  "steps": [
    [
      7.5,
      555.75,
      8.839646,
      554.66034,
      9.654952,
      554.5,
      11.462673,
      554.5,
      15.45217,
      554.5
    ],
    [
      355,
      599.75,
      355,
      599.75,
      355,
      599.75,
      355,
      599.75,
      355,
      599.75
    ],
    [
      339.25,
      92,
      339.25,
      92,
      339.25,
      92,
      339.25,
      92,
      339.25,
      92
    ],
    [
      14.5,
      28.75,
      14.5,
      28.75,
      14.5,
      28.75,
      14.5,
      28.75,
      14.5,
      28.75
    ],
    [
      182.5,
      379.5,
      182.5,
      379.5,
      182.5,
      379.5,
      182.5,
      379.5
    ]
  ],
  "timestamp": [
    1515166137323,
    1515166140293,
    1515166144177,
    1515166147104,
    1515166150658
  ],
  "version": 2
}